source,repo,log_path,config_path,dataset,method,num_tasks,final_top1,aaa,forgetting,top1_curve,top5_curve,modified_epoch,duplicate_count,all_log_paths
local,SD-Lora-CL,SD-Lora-CL/k4_anchor_c100.log,./exps/k4_anchor_c100.json,cifar224,k4_anchor_c100,10,86.620000,91.568000,5.622222,99.100000;96.050000;93.730000;93.150000;91.400000;89.880000;90.210000;88.220000;87.320000;86.620000,100.000000;99.750000;99.470000;99.380000;99.440000;99.180000;99.140000;99.020000;98.760000;98.570000,1782218681,2,local:SD-Lora-CL/k4_anchor_c100.log | SD-Lora-CL/logs/k_cms_sdlora/cifar224/0/10/k4_anchor_c100_1993_vit_base_patch16_224.log
local,SD-Lora-CL,SD-Lora-CL/k4_bwscale_c100_rerun.log,./exps/k4_bwscale_c100.json,cifar224,k4_bwscale_c100,10,86.030000,91.349000,5.722222,99.300000;96.200000;93.500000;93.220000;91.380000;90.150000;89.340000;87.780000;86.590000;86.030000,100.000000;99.750000;99.400000;99.250000;99.400000;99.200000;99.030000;98.860000;98.470000;98.320000,1782360199,2,local:SD-Lora-CL/k4_bwscale_c100_rerun.log | SD-Lora-CL/logs/k_cms_sdlora/cifar224/0/10/k4_bwscale_c100_1993_vit_base_patch16_224.log
local,SD-Lora-CL,SD-Lora-CL/k4_clshared6_hardcap_bwscale_c100.log,./exps/k4_clshared6_hardcap_bwscale_c100.json,cifar224,k4_clshared6_hardcap_bwscale_c100,10,86.280000,91.123000,6.211111,99.200000;96.400000;93.630000;92.400000;90.760000;89.420000;89.630000;87.290000;86.220000;86.280000,100.000000;99.800000;99.570000;99.350000;99.380000;99.250000;99.110000;99.010000;98.760000;98.710000,1783004658,2,local:SD-Lora-CL/k4_clshared6_hardcap_bwscale_c100.log | SD-Lora-CL/logs/k_cms_sdlora/cifar224/0/10/k4_clshared6_hardcap_bwscale_c100_1993_vit_base_patch16_224.log
local,SD-Lora-CL,SD-Lora-CL/k4_hardcap_anchor_bwscale_c100_rerun.log,./exps/k4_hardcap_anchor_bwscale_c100.json,cifar224,k4_hardcap_anchor_bwscale_c100,10,85.660000,91.339000,6.655556,99.200000;96.050000;93.500000;92.920000;91.120000;89.820000;89.890000;88.260000;86.970000;85.660000,100.000000;99.750000;99.470000;99.300000;99.360000;99.180000;99.140000;99.060000;98.680000;98.310000,1782367399,2,local:SD-Lora-CL/k4_hardcap_anchor_bwscale_c100_rerun.log | SD-Lora-CL/logs/k_cms_sdlora/cifar224/0/10/k4_hardcap_anchor_bwscale_c100_1993_vit_base_patch16_224.log
local,SD-Lora-CL,SD-Lora-CL/k4_hardcap_bwscale_c100_rerun.log,./exps/k4_hardcap_bwscale_c100.json,cifar224,k4_hardcap_bwscale_c100,10,86.580000,91.469000,5.433333,99.400000;96.150000;93.400000;93.050000;91.460000;90.250000;89.310000;87.810000;87.280000;86.580000,100.000000;99.650000;99.430000;99.300000;99.360000;99.230000;98.970000;98.880000;98.600000;98.500000,1782363852,2,local:SD-Lora-CL/k4_hardcap_bwscale_c100_rerun.log | SD-Lora-CL/logs/k_cms_sdlora/cifar224/0/10/k4_hardcap_bwscale_c100_1993_vit_base_patch16_224.log
local,SD-Lora-CL,SD-Lora-CL/k4_hardcap_c100.log,./exps/k4_hardcap_c100.json,cifar224,k4_hardcap_c100,10,85.970000,91.391000,6.166667,99.200000;96.150000;93.770000;93.150000;91.340000;89.920000;89.360000;87.990000;87.060000;85.970000,100.000000;99.750000;99.470000;99.400000;99.440000;99.220000;99.030000;99.040000;98.760000;98.370000,1782212911,2,local:SD-Lora-CL/k4_hardcap_c100.log | SD-Lora-CL/logs/k_cms_sdlora/cifar224/0/10/k4_hardcap_c100_1993_vit_base_patch16_224.log
local,SD-Lora-CL,SD-Lora-CL/logs/k_cms_sdlora/imagenetr/0/20/k_cms_sdlora_kmergepp_s02_recent0_k3_inr_v2_1995_vit_base_patch16_224.log,./exps/seed_1995_k3_cms_sd.json,imagenetr,seed_1995_k3_cms_sd,10,78.190000,82.698000,5.784444,92.200000;87.820000;84.740000;83.180000;82.390000;81.120000;79.800000;79.430000;78.110000;78.190000,98.440000;97.410000;95.880000;94.760000;94.000000;93.260000;92.550000;92.550000;91.330000;91.510000,1782135995,2,local:SD-Lora-CL/logs/k_cms_sdlora/imagenetr/0/20/k_cms_sdlora_kmergepp_s02_recent0_k3_inr_v2_1995_vit_base_patch16_224.log | SD-Lora-CL/seed_1995_k3_inr.log
local,SD-Lora-CL,SD-Lora-CL/logs/k_cms_sdlora/imagenetr/0/20/k_cms_sdlora_kmergepp_s02_recent0_k4_inr_v2_1995_vit_base_patch16_224.log,./exps/seed_1995_k4_cms_sd.json,imagenetr,seed_1995_k4_cms_sd,10,78.480000,82.854000,5.901111,91.890000;88.130000;84.840000;82.990000;82.220000;81.610000;80.160000;79.620000;78.600000;78.480000,98.130000;97.560000;96.130000;94.530000;94.030000;93.450000;92.620000;92.470000;91.480000;91.600000,1782138561,2,local:SD-Lora-CL/logs/k_cms_sdlora/imagenetr/0/20/k_cms_sdlora_kmergepp_s02_recent0_k4_inr_v2_1995_vit_base_patch16_224.log | SD-Lora-CL/seed_1995_k4_inr.log
local,SD-Lora-CL,SD-Lora-CL/logs/k_cms_sdlora/imagenetr/0/20/seed_1995_k3_bal0005_inr_1995_vit_base_patch16_224.log,./exps/seed_1995_k3_bal0005_inr.json,imagenetr,seed_1995_k3_bal0005_inr,10,78.310000,82.833000,5.428889,92.040000;87.670000;85.200000;83.860000;81.990000;81.280000;79.950000;79.540000;78.490000;78.310000,98.440000;97.410000;96.030000;94.950000;93.630000;93.510000;92.660000;92.550000;91.480000;91.600000,1782141859,2,local:SD-Lora-CL/logs/k_cms_sdlora/imagenetr/0/20/seed_1995_k3_bal0005_inr_1995_vit_base_patch16_224.log | SD-Lora-CL/seed_1995_k3_bal0005_inr.log
local,SD-Lora-CL,SD-Lora-CL/logs/k_cms_sdlora/imagenetr/0/20/seed_1995_k3_bal001_age001_inr_1995_vit_base_patch16_224.log,./exps/seed_1995_k3_bal001_age001_inr.json,imagenetr,seed_1995_k3_bal001_age001_inr,10,78.440000,82.835000,5.753333,92.200000;87.980000;84.540000;83.590000;82.190000;81.390000;79.780000;79.620000;78.620000;78.440000,98.440000;97.410000;96.030000;95.020000;93.670000;93.480000;92.550000;92.340000;91.160000;91.450000,1782155945,2,local:SD-Lora-CL/logs/k_cms_sdlora/imagenetr/0/20/seed_1995_k3_bal001_age001_inr_1995_vit_base_patch16_224.log | SD-Lora-CL/seed_1995_k3_bal001_age001_inr.log
local,SD-Lora-CL,SD-Lora-CL/logs/k_cms_sdlora/imagenetr/0/20/seed_1995_k3_bal001_inr_1995_vit_base_patch16_224.log,./exps/seed_1995_k3_bal001_inr.json,imagenetr,seed_1995_k3_bal001_inr,10,78.380000,82.870000,5.741111,92.200000;87.900000;84.940000;83.590000;82.450000;81.500000;79.920000;79.460000;78.360000;78.380000,98.440000;97.560000;96.080000;94.910000;94.100000;93.510000;92.710000;92.530000;91.200000;91.410000,1782144401,2,local:SD-Lora-CL/logs/k_cms_sdlora/imagenetr/0/20/seed_1995_k3_bal001_inr_1995_vit_base_patch16_224.log | SD-Lora-CL/seed_1995_k3_bal001_inr.log
local,SD-Lora-CL,SD-Lora-CL/logs/k_cms_sdlora/imagenetr/0/20/seed_1995_k3_bal001_lowsim1_inr_1995_vit_base_patch16_224.log,./exps/seed_1995_k3_bal001_lowsim1_inr.json,imagenetr,seed_1995_k3_bal001_lowsim1_inr,10,78.460000,82.833000,5.795556,92.200000;87.980000;84.690000;83.400000;82.090000;81.470000;79.880000;79.520000;78.640000;78.460000,98.600000;97.260000;96.080000;94.640000;93.700000;93.420000;92.830000;92.640000;91.540000;91.600000,1782153813,2,local:SD-Lora-CL/logs/k_cms_sdlora/imagenetr/0/20/seed_1995_k3_bal001_lowsim1_inr_1995_vit_base_patch16_224.log | SD-Lora-CL/seed_1995_k3_bal001_lowsim1_inr.log
local,SD-Lora-CL,SD-Lora-CL/logs/k_cms_sdlora/imagenetr/0/20/seed_1995_k3_bal002_inr_1995_vit_base_patch16_224.log,./exps/seed_1995_k3_bal002_inr.json,imagenetr,seed_1995_k3_bal002_inr,10,78.330000,82.909000,5.707778,92.360000;88.050000;84.890000;83.440000;82.030000;81.150000;80.210000;79.960000;78.670000;78.330000,98.280000;97.720000;96.190000;94.870000;93.500000;93.420000;92.640000;92.550000;91.460000;91.730000,1782148832,2,local:SD-Lora-CL/logs/k_cms_sdlora/imagenetr/0/20/seed_1995_k3_bal002_inr_1995_vit_base_patch16_224.log | SD-Lora-CL/seed_1995_k3_bal002_inr.log
local,SD-Lora-CL,SD-Lora-CL/logs/k_cms_sdlora/imagenetr/0/20/seed_1995_k3_lowsim1_inr_1995_vit_base_patch16_224.log,./exps/seed_1995_k3_lowsim1_inr.json,imagenetr,seed_1995_k3_lowsim1_inr,10,78.190000,82.776000,6.070000,92.200000;88.050000;84.640000;83.290000;82.060000;81.530000;79.850000;79.520000;78.430000;78.190000,98.750000;97.340000;96.130000;94.610000;93.700000;93.530000;92.690000;92.410000;91.280000;91.630000,1782151410,2,local:SD-Lora-CL/logs/k_cms_sdlora/imagenetr/0/20/seed_1995_k3_lowsim1_inr_1995_vit_base_patch16_224.log | SD-Lora-CL/seed_1995_k3_lowsim1_inr.log
local,SD-Lora-CL,SD-Lora-CL/logs/k_cms_sdlora/imagenetr/0/20/seed_1995_k3_realloc_inr_1995_vit_base_patch16_224.log,./exps/seed_1995_k3_realloc_inr.json,imagenetr,seed_1995_k3_realloc_inr,10,77.480000,82.230000,6.576667,92.360000;87.980000;84.890000;82.150000;82.030000;80.330000;79.900000;78.060000;77.120000;77.480000,98.440000;97.340000;96.080000;94.040000;94.060000;92.990000;92.400000;92.090000;90.690000;91.130000,1782158082,2,local:SD-Lora-CL/logs/k_cms_sdlora/imagenetr/0/20/seed_1995_k3_realloc_inr_1995_vit_base_patch16_224.log | SD-Lora-CL/seed_1995_k3_realloc_inr.log
local,SD-Lora-CL,SD-Lora-CL/logs/k_cms_sdlora/imagenetr/0/20/seed_1995_k4_anchor_inr_1995_vit_base_patch16_224.log,./exps/seed_1995_k4_anchor_inr.json,imagenetr,seed_1995_k4_anchor_inr,10,77.840000,82.813000,6.193333,92.040000;88.360000;84.940000;82.800000;82.590000;81.450000;80.140000;79.580000;78.390000;77.840000,98.750000;97.340000;96.030000;94.490000;94.100000;93.290000;92.780000;92.530000;91.290000;91.260000,1782203978,2,local:SD-Lora-CL/logs/k_cms_sdlora/imagenetr/0/20/seed_1995_k4_anchor_inr_1995_vit_base_patch16_224.log | SD-Lora-CL/seed_1995_k4_anchor_inr.log
local,SD-Lora-CL,SD-Lora-CL/logs/k_cms_sdlora/imagenetr/0/20/seed_1995_k4_bal0005_inr_1995_vit_base_patch16_224.log,./exps/seed_1995_k4_bal0005_inr.json,imagenetr,seed_1995_k4_bal0005_inr,10,78.260000,82.981000,6.275556,92.510000;88.200000;84.990000;82.990000;82.490000;81.580000;80.420000;79.900000;78.470000;78.260000,98.280000;97.340000;95.980000;94.420000;94.160000;93.670000;92.640000;92.470000;91.290000;91.550000,1782181164,2,local:SD-Lora-CL/logs/k_cms_sdlora/imagenetr/0/20/seed_1995_k4_bal0005_inr_1995_vit_base_patch16_224.log | SD-Lora-CL/seed_1995_k4_bal0005_inr.log
local,SD-Lora-CL,SD-Lora-CL/logs/k_cms_sdlora/imagenetr/0/20/seed_1995_k4_bal001_inr_1995_vit_base_patch16_224.log,./exps/seed_1995_k4_bal001_inr.json,imagenetr,seed_1995_k4_bal001_inr,10,78.510000,82.931000,5.737778,92.510000;88.200000;84.740000;83.210000;82.290000;81.610000;80.040000;79.710000;78.490000;78.510000,98.600000;97.490000;96.030000;94.420000;94.160000;93.210000;92.660000;92.600000;91.290000;91.580000,1782160282,2,local:SD-Lora-CL/logs/k_cms_sdlora/imagenetr/0/20/seed_1995_k4_bal001_inr_1995_vit_base_patch16_224.log | SD-Lora-CL/seed_1995_k4_bal001_inr.log
local,SD-Lora-CL,SD-Lora-CL/logs/k_cms_sdlora/imagenetr/0/20/seed_1995_k4_bal002_inr_1995_vit_base_patch16_224.log,./exps/seed_1995_k4_bal002_inr.json,imagenetr,seed_1995_k4_bal002_inr,10,78.590000,82.822000,5.663333,91.890000;88.200000;84.540000;83.020000;82.030000;81.530000;80.090000;79.900000;78.430000;78.590000,98.440000;97.340000;96.030000;94.530000;93.700000;93.450000;92.780000;92.410000;91.370000;91.730000,1782183372,2,local:SD-Lora-CL/logs/k_cms_sdlora/imagenetr/0/20/seed_1995_k4_bal002_inr_1995_vit_base_patch16_224.log | SD-Lora-CL/seed_1995_k4_bal002_inr.log
local,SD-Lora-CL,SD-Lora-CL/logs/k_cms_sdlora/imagenetr/0/20/seed_1995_k4_bwscale_inr_1995_vit_base_patch16_224.log,./exps/seed_1995_k4_bwscale_inr.json,imagenetr,seed_1995_k4_bwscale_inr,10,78.210000,83.282000,6.177778,93.760000;89.040000;86.160000;83.250000;82.550000;81.660000;80.110000;79.690000;78.390000;78.210000,98.910000;97.640000;96.290000;94.420000;94.060000;93.180000;92.590000;92.360000;91.260000;91.380000,1782353041,2,local:SD-Lora-CL/logs/k_cms_sdlora/imagenetr/0/20/seed_1995_k4_bwscale_inr_1995_vit_base_patch16_224.log | SD-Lora-CL/seed_1995_k4_bwscale_inr_rerun.log
local,SD-Lora-CL,SD-Lora-CL/logs/k_cms_sdlora/imagenetr/0/20/seed_1995_k4_clshared6_bwscale_inr_1995_vit_base_patch16_224.log,./exps/seed_1995_k4_clshared6_bwscale_inr.json,imagenetr,seed_1995_k4_clshared6_bwscale_inr,10,78.580000,82.904000,6.616667,92.360000;87.750000;85.450000;83.520000;82.060000;81.660000;79.610000;79.600000;78.450000;78.580000,98.440000;97.340000;95.980000;94.870000;94.360000;93.890000;93.190000;92.870000;91.800000;91.710000,1782996958,2,local:SD-Lora-CL/logs/k_cms_sdlora/imagenetr/0/20/seed_1995_k4_clshared6_bwscale_inr_1995_vit_base_patch16_224.log | SD-Lora-CL/seed_1995_k4_clshared6_bwscale_inr.log
local,SD-Lora-CL,SD-Lora-CL/logs/k_cms_sdlora/imagenetr/0/20/seed_1995_k4_fixedortho6_inr_1995_vit_base_patch16_224.log,./exps/seed_1995_k4_fixedortho6_inr.json,imagenetr,seed_1995_k4_fixedortho6_inr,10,77.060000,81.678000,5.782222,91.890000;87.060000;84.030000;82.190000;80.710000;80.030000;78.400000;78.250000;77.160000;77.060000,98.280000;96.960000;95.680000;94.230000;93.010000;92.470000;91.900000;91.730000;90.660000;90.780000,1782207235,2,local:SD-Lora-CL/logs/k_cms_sdlora/imagenetr/0/20/seed_1995_k4_fixedortho6_inr_1995_vit_base_patch16_224.log | SD-Lora-CL/seed_1995_k4_fixedortho6_inr.log
local,SD-Lora-CL,SD-Lora-CL/logs/k_cms_sdlora/imagenetr/0/20/seed_1995_k4_hardcap_anchor_bwscale_inr_1995_vit_base_patch16_224.log,./exps/seed_1995_k4_hardcap_anchor_bwscale_inr.json,imagenetr,seed_1995_k4_hardcap_anchor_bwscale_inr,10,78.210000,82.891000,6.231111,93.290000;88.890000;84.330000;83.060000;82.350000;81.360000;79.850000;79.480000;78.090000;78.210000,98.750000;97.640000;95.780000;94.490000;94.100000;93.320000;92.570000;92.490000;91.460000;91.580000,1782356726,2,local:SD-Lora-CL/logs/k_cms_sdlora/imagenetr/0/20/seed_1995_k4_hardcap_anchor_bwscale_inr_1995_vit_base_patch16_224.log | SD-Lora-CL/seed_1995_k4_hardcap_anchor_bwscale_inr_rerun.log
local,SD-Lora-CL,SD-Lora-CL/logs/k_cms_sdlora/imagenetr/0/20/seed_1995_k4_hardcap_bwscale_inr_1995_vit_base_patch16_224.log,./exps/seed_1995_k4_hardcap_bwscale_inr.json,imagenetr,seed_1995_k4_hardcap_bwscale_inr,10,78.110000,82.881000,5.906667,93.600000;88.890000;84.790000;83.140000;82.090000;81.340000;79.350000;79.240000;78.260000;78.110000,98.280000;97.790000;95.730000;94.340000;93.600000;93.230000;92.520000;92.550000;91.310000;91.650000,1782354881,2,local:SD-Lora-CL/logs/k_cms_sdlora/imagenetr/0/20/seed_1995_k4_hardcap_bwscale_inr_1995_vit_base_patch16_224.log | SD-Lora-CL/seed_1995_k4_hardcap_bwscale_inr_rerun.log
local,SD-Lora-CL,SD-Lora-CL/logs/k_cms_sdlora/imagenetr/0/20/seed_1995_k4_hardcap_inr_1995_vit_base_patch16_224.log,./exps/seed_1995_k4_hardcap_inr.json,imagenetr,seed_1995_k4_hardcap_inr,10,78.460000,82.807000,5.751111,91.730000;87.750000;84.890000;83.020000;82.160000;81.560000;80.020000;79.880000;78.600000;78.460000,98.440000;97.490000;96.190000;94.110000;93.670000;93.290000;92.550000;92.390000;91.220000;91.800000,1782201337,2,local:SD-Lora-CL/logs/k_cms_sdlora/imagenetr/0/20/seed_1995_k4_hardcap_inr_1995_vit_base_patch16_224.log | SD-Lora-CL/seed_1995_k4_hardcap_inr.log
local,SD-Lora-CL-adaptive-a,SD-Lora-CL-adaptive-a/c100_coordinate_stable_adaptive_a_seed1993_nccl.log,./exps/c100_coordinate_stable_adaptive_a_seed1993_nccl.json,cifar224,c100_coordinate_stable_adaptive_a_seed1993_nccl,10,88.470000,92.351000,5.922222,97.800000;95.850000;94.270000;93.580000;92.580000;91.730000;91.130000;89.400000;88.700000;88.470000,100.000000;99.750000;99.430000;99.350000;99.380000;99.120000;99.140000;99.090000;98.910000;98.710000,1788609738,2,local:SD-Lora-CL-adaptive-a/c100_coordinate_stable_adaptive_a_seed1993_nccl.log | SD-Lora-CL-adaptive-a/logs/sa_sdlora/cifar224/0/10/c100_coordinate_stable_adaptive_a_seed1993_nccl_1993_vit_base_patch16_224.log
local,SD-Lora-CL-coordinate-aob,SD-Lora-CL-coordinate-aob/aob_c100_seed1_single_gpu_20260903_215204_gpu0.log,/tmp/aob_multiseed_20260903_215204/c100_seed1.json,cifar224,c100_seed1,10,87.360000,92.173000,8.366667,97.600000;97.400000;94.900000;92.400000;92.120000;91.980000;90.600000;89.760000;87.610000;87.360000,99.800000;99.600000;99.570000;99.500000;99.360000;99.080000;99.010000;98.960000;98.630000;98.440000,1788461695,2,local:SD-Lora-CL-coordinate-aob/aob_c100_seed1_single_gpu_20260903_215204_gpu0.log | SD-Lora-CL-coordinate-aob/logs/sa_sdlora/cifar224/0/10/aob_c100_seed1_single_gpu_20260903_215204_1_vit_base_patch16_224.log
local,SD-Lora-CL-coordinate-aob,SD-Lora-CL-coordinate-aob/aob_c100_seed2_single_gpu_20260903_215204_gpu1.log,/tmp/aob_multiseed_20260903_215204/c100_seed2.json,cifar224,c100_seed2,10,88.230000,92.048000,6.144444,98.500000;97.500000;93.400000;92.920000;92.320000;91.380000;89.700000;88.610000;87.920000;88.230000,99.700000;99.750000;99.700000;99.720000;99.500000;99.200000;99.140000;98.980000;98.860000;98.780000,1788462271,2,local:SD-Lora-CL-coordinate-aob/aob_c100_seed2_single_gpu_20260903_215204_gpu1.log | SD-Lora-CL-coordinate-aob/logs/sa_sdlora/cifar224/0/10/aob_c100_seed2_single_gpu_20260903_215204_2_vit_base_patch16_224.log
local,SD-Lora-CL-coordinate-aob,SD-Lora-CL-coordinate-aob/aob_c100_seed3_single_gpu_20260903_215204_gpu0.log,/tmp/aob_multiseed_20260903_215204/c100_seed3.json,cifar224,c100_seed3,10,87.650000,91.361000,7.344444,98.700000;94.900000;93.430000;92.020000;90.680000;90.500000;88.900000;88.320000;88.510000;87.650000,99.900000;99.850000;99.670000;99.580000;99.440000;99.120000;99.230000;98.990000;98.920000;98.650000,1788489306,2,local:SD-Lora-CL-coordinate-aob/aob_c100_seed3_single_gpu_20260903_215204_gpu0.log | SD-Lora-CL-coordinate-aob/logs/sa_sdlora/cifar224/0/10/aob_c100_seed3_single_gpu_20260903_215204_3_vit_base_patch16_224.log
local,SD-Lora-CL-coordinate-aob,SD-Lora-CL-coordinate-aob/aob_cub_seed1_single_gpu_20260903_215204_gpu0.log,/tmp/aob_multiseed_20260903_215204/cub_seed1.json,cub,cub_seed1,10,82.650000,87.304000,10.551111,97.740000;88.430000;86.970000;85.000000;85.250000;87.890000;87.330000;86.520000;85.260000;82.650000,100.000000;99.480000;99.430000;99.140000;98.760000;98.440000;98.390000;98.290000;97.880000;97.580000,1788476188,2,local:SD-Lora-CL-coordinate-aob/aob_cub_seed1_single_gpu_20260903_215204_gpu0.log | SD-Lora-CL-coordinate-aob/logs/sa_sdlora/cub/0/20/aob_cub_seed1_single_gpu_20260903_215204_1_vit_base_patch16_224.log
local,SD-Lora-CL-coordinate-aob,SD-Lora-CL-coordinate-aob/aob_cub_seed2_single_gpu_20260903_215204_gpu1.log,/tmp/aob_multiseed_20260903_215204/cub_seed2.json,cub,cub_seed2,10,79.120000,85.624000,10.024444,97.270000;89.540000;87.790000;84.860000;82.710000;86.660000;84.370000;82.580000;81.340000;79.120000,99.830000;99.650000;99.590000;99.050000;98.310000;97.990000;97.800000;97.680000;97.610000;97.270000,1788477034,2,local:SD-Lora-CL-coordinate-aob/aob_cub_seed2_single_gpu_20260903_215204_gpu1.log | SD-Lora-CL-coordinate-aob/logs/sa_sdlora/cub/0/20/aob_cub_seed2_single_gpu_20260903_215204_2_vit_base_patch16_224.log
local,SD-Lora-CL-coordinate-aob,SD-Lora-CL-coordinate-aob/aob_inr_seed1_single_gpu_20260903_215204_gpu0.log,/tmp/aob_multiseed_20260903_215204/inr_seed1.json,imagenetr,inr_seed1,10,79.040000,84.248000,6.340000,91.550000;89.640000;86.830000;86.070000;84.600000;82.440000;81.860000;80.480000;79.970000;79.040000,97.890000;96.270000;95.070000;94.880000;94.680000;93.790000;93.310000;93.450000;92.840000;92.300000,1788472838,2,local:SD-Lora-CL-coordinate-aob/aob_inr_seed1_single_gpu_20260903_215204_gpu0.log | SD-Lora-CL-coordinate-aob/logs/sa_sdlora/imagenetr/0/20/aob_inr_seed1_single_gpu_20260903_215204_1_vit_base_patch16_224.log
local,SD-Lora-CL-coordinate-aob,SD-Lora-CL-coordinate-aob/aob_inr_seed2_single_gpu_20260903_215204_gpu1.log,/tmp/aob_multiseed_20260903_215204/inr_seed2.json,imagenetr,inr_seed2,10,79.510000,82.402000,7.318889,86.290000;83.260000;84.520000;83.470000;82.290000;82.480000;81.120000;80.680000;80.400000;79.510000,96.620000;94.360000;94.270000;94.060000;94.160000;93.650000;93.250000;93.170000;93.050000;92.530000,1788473672,2,local:SD-Lora-CL-coordinate-aob/aob_inr_seed2_single_gpu_20260903_215204_gpu1.log | SD-Lora-CL-coordinate-aob/logs/sa_sdlora/imagenetr/0/20/aob_inr_seed2_single_gpu_20260903_215204_2_vit_base_patch16_224.log
local,SD-Lora-CL-coordinate-aob,SD-Lora-CL-coordinate-aob/c100_coordinate_stable_adaptive_normcap_seed1993_nccl_2gpu_bs64.log,/tmp/c100_coordinate_stable_adaptive_normcap_seed1993_nccl_2gpu_bs64.If5T0K.json,cifar224,c100_coordinate_stable_adaptive_normcap_seed1993_nccl_2gpu_bs64.If5T0K,10,88.320000,92.322000,6.100000,97.700000;96.300000;94.470000;93.520000;92.180000;91.730000;91.160000;89.210000;88.630000;88.320000,100.000000;99.700000;99.530000;99.450000;99.360000;99.180000;99.030000;99.060000;98.870000;98.710000,1788416245,2,local:SD-Lora-CL-coordinate-aob/c100_coordinate_stable_adaptive_normcap_seed1993_nccl_2gpu_bs64.log | SD-Lora-CL-coordinate-aob/logs/sa_sdlora/cifar224/0/10/c100_coordinate_stable_adaptive_normcap_seed1993_nccl_2gpu_bs64_1993_vit_base_patch16_224.log
